CREATE TABLE JOURNAL
(
ID INT NOT NULL,
STUDENT_ID INT NULL,
STUDY_PLAN INT NULL,
IN_TIME BIT,
COUNT INT NULL,
MARK_ID INT NULL
);

ALTER TABLE JOURNAL
ADD PRIMARY KEY(ID);

CREATE TABLE MARK
(
ID INT NOT NULL,
NAME TEXT,
VALUE TEXT
);

ALTER TABLE MARK
ADD PRIMARY KEY(ID);

CREATE TABLE STUDY_PLAN
(
ID INT NOT NULL,
SUBJECT_ID INT NULL,
EXAM_TYPE_ID INT NULL
);

ALTER TABLE STUDY_PLAN
ADD PRIMARY KEY(ID);

CREATE TABLE EXAM_TYPE
(
ID INT NOT NULL,
TYPE TEXT
);

ALTER TABLE EXAM_TYPE
ADD PRIMARY KEY(ID);

CREATE TABLE STUDENT
(
ID INT NOT NULL,
SURNAME TEXT,
NAME TEXT,
SECONDNAME TEXT,
STUDY_GROUP_ID INT NULL
);

ALTER TABLE STUDENT
ADD PRIMARY KEY(ID);

CREATE TABLE STUDY_GROUP
(
ID INT NOT NULL,
NAME TEXT
);

ALTER TABLE STUDY_GROUP
ADD PRIMARY KEY(ID);

CREATE TABLE SUBJECT
(
ID INT NOT NULL,
NAME TEXT,
SHORTNAME TEXT
);

ALTER TABLE SUBJECT
ADD PRIMARY KEY(ID);

ALTER TABLE JOURNAL
ADD CONSTRAINT R_1 FOREIGN KEY (STUDENT_ID) REFERENCES STUDENT (ID);

ALTER TABLE JOURNAL
ADD CONSTRAINT R_2 FOREIGN KEY (MARK_ID) REFERENCES MARK (ID);

ALTER TABLE JOURNAL
ADD CONSTRAINT R_3 FOREIGN KEY (STUDY_PLAN) REFERENCES STUDY_PLAN (ID);

ALTER TABLE STUDENT
ADD CONSTRAINT R_4 FOREIGN KEY (STUDY_GROUP_ID) REFERENCES STUDY_GROUP (ID);

ALTER TABLE STUDY_PLAN
ADD CONSTRAINT R_5 FOREIGN KEY (SUBJECT_ID) REFERENCES SUBJECT (ID);

ALTER TABLE STUDY_PLAN
ADD CONSTRAINT R_6 FOREIGN KEY (EXAM_TYPE_ID) REFERENCES EXAM_TYPE (ID);

INSERT INTO SUBJECT(ID,NAME,SHORTNAME) VALUES 
(1, 'Проектирование информационных систем', 'ПрИС'),
(2, 'Системы искусственного интеллекта', 'СИИ'),
(3, 'Программная инженерия', 'ПИ'),
(4, 'Национальная система информационной безопасности', 'НСИБ'),
(5, 'Системный анализ', 'СисАнал'),
(6, 'Распределенные базы данных', 'РБД'),
(7, 'Системное программное обеспечение', 'СПО');

INSERT INTO EXAM_TYPE(ID,TYPE) VALUES
(1, 'Экзамен'),
(2, 'Зачет'),
(3, 'Зачет с оценкой'),
(4, 'Курсовая');

INSERT INTO STUDY_PLAN(ID,SUBJECT_ID,EXAM_TYPE_ID) VALUES
(1, 1, 1),
(2, 1, 4),
(3, 2, 1),
(4, 3, 1),
(5, 4, 2),
(6, 5, 1),
(7, 6, 2),
(8, 7, 1);

INSERT INTO MARK(ID,NAME,VALUE) VALUES
(1, 'Отлично', 5),
(2, 'Хорошо', 4),
(3, 'Удовлетворительно', 3),
(4, 'Неудовлетворительно', 2),
(5, 'Зачет', 'з'),
(6, 'Незачет', 'н'),
(7, 'Неявка', '');


INSERT INTO STUDY_GROUP(ID, NAME) VALUES
(1,'ИКБО-02-16');


INSERT INTO STUDENT(ID, SURNAME,NAME,SECONDNAME, STUDY_GROUP_ID) VALUES
(1,'ВЕЛЬТИЩЕВ','НИКИТА','ВЛАДИМИРОВИЧ',1);